<?xml version="1.0" encoding="UTF-8" standalone="yes"?>
<manifest>
  <control namespace="pcf" constructor="FileUploader" version="1.0.10" display-name-key="File Uploader" description-key="With this control you upload files as annotations" control-type="standard" api-version="1.2.3">
    <property name="boundField" display-name-key="boundField" description-key="Field to bind it to" of-type="SingleLine.Text" usage="bound" required="true"/>
    <property name="controlToRefresh" display-name-key="controlToRefresh" description-key="controlToRefresh" usage="input" required="true" of-type="SingleLine.Text"/>
    <resources>
      <code path="bundle.js" order="1"/>
    </resources>
    <feature-usage>
      <uses-feature name="Utility" required="true"/>
      <uses-feature name="WebAPI" required="true"/>
    </feature-usage>
    <built-by name="pac" version="1.3.6"/>
  </control>
</manifest>